{
    "eval_type": "synthetic",
    "dataset": "src/tabsynth/data/diabetes/",
    "metrics": {
        "train": {
            "0": {
                "precision": 0.8252148997134671,
                "recall": 0.9056603773584906,
                "f1-score": 0.863568215892054,
                "support": 318.0
            },
            "1": {
                "precision": 0.7887323943661971,
                "recall": 0.6473988439306358,
                "f1-score": 0.7111111111111111,
                "support": 173.0
            },
            "accuracy": 0.814663951120163,
            "macro avg": {
                "precision": 0.8069736470398321,
                "recall": 0.7765296106445632,
                "f1-score": 0.7873396635015826,
                "support": 491.0
            },
            "weighted avg": {
                "precision": 0.8123605750188079,
                "recall": 0.814663951120163,
                "f1-score": 0.8098511504600721,
                "support": 491.0
            },
            "roc_auc": 0.8904642454647909,
            "score": 0.814663951120163
        },
        "val": {
            "0": {
                "precision": 0.75,
                "recall": 0.9,
                "f1-score": 0.8181818181818182,
                "support": 80.0
            },
            "1": {
                "precision": 0.7037037037037037,
                "recall": 0.4418604651162791,
                "f1-score": 0.5428571428571428,
                "support": 43.0
            },
            "accuracy": 0.7398373983739838,
            "macro avg": {
                "precision": 0.7268518518518519,
                "recall": 0.6709302325581395,
                "f1-score": 0.6805194805194805,
                "support": 123.0
            },
            "weighted avg": {
                "precision": 0.7338151159289371,
                "recall": 0.7398373983739838,
                "f1-score": 0.7219301024179072,
                "support": 123.0
            },
            "roc_auc": 0.7754360465116278,
            "score": 0.7398373983739838
        },
        "test": {
            "0": {
                "precision": 0.7946428571428571,
                "recall": 0.89,
                "f1-score": 0.839622641509434,
                "support": 100.0
            },
            "1": {
                "precision": 0.7380952380952381,
                "recall": 0.5740740740740741,
                "f1-score": 0.6458333333333334,
                "support": 54.0
            },
            "accuracy": 0.7792207792207793,
            "macro avg": {
                "precision": 0.7663690476190477,
                "recall": 0.732037037037037,
                "f1-score": 0.7427279874213837,
                "support": 154.0
            },
            "weighted avg": {
                "precision": 0.7748144712430427,
                "recall": 0.7792207792207793,
                "f1-score": 0.7716705464346973,
                "support": 154.0
            },
            "roc_auc": 0.8162037037037037,
            "score": 0.7792207792207793
        }
    }
}
