step,mloss,gloss,loss
100.0,1.4194,1.5851,3.0045
200.0,1.1565,0.9965,2.153
300.0,1.1088,0.967,2.0758
400.0,1.0978,0.9156,2.0134
500.0,1.0721,0.8411,1.9132
600.0,1.0471,0.783,1.8300999999999998
700.0,1.0311,0.7403,1.7713999999999999
800.0,1.0167,0.7183,1.7349999999999999
900.0,1.0166,0.7046,1.7212
1000.0,1.0139,0.7013,1.7152
