step,mloss,gloss,loss
100.0,1.4253,1.584,3.0093
200.0,1.1542,0.9942,2.1483999999999996
300.0,1.1171,0.9652,2.0823
400.0,1.1066,0.9118,2.0184
500.0,1.0821,0.8398,1.9219
600.0,1.0591,0.7829,1.842
700.0,1.0413,0.7423,1.7835999999999999
800.0,1.0384,0.7191,1.7574999999999998
900.0,1.0203,0.7051,1.7254
1000.0,1.0251,0.6991,1.7242
