{
    "eval_type": "synthetic",
    "dataset": "src/tabsynth/data/adult/",
    "sim_score": {
        "score": 0.4997421633174435,
        "basic_score": 0.5785801964804316,
        "corr_score": 0.46267006828966306,
        "ml_score": 0.8445477664367604,
        "sup_score": 0.6129127853803624,
        "pmse_score": 2.4128571457048464e-205
    }
}
