{
    "eval_type": "synthetic",
    "dataset": "src/tabsynth/data/adult/",
    "metrics": {
        "train": {
            "0": {
                "precision": 0.7580277777777777,
                "recall": 1.0,
                "f1-score": 0.8623615478203164,
                "support": 163734.0
            },
            "1": {
                "precision": 0.0,
                "recall": 0.0,
                "f1-score": 0.0,
                "support": 52266.0
            },
            "accuracy": 0.7580277777777777,
            "macro avg": {
                "precision": 0.3790138888888889,
                "recall": 0.5,
                "f1-score": 0.4311807739101582,
                "support": 216000.0
            },
            "weighted avg": {
                "precision": 0.574606111882716,
                "recall": 0.7580277777777777,
                "f1-score": 0.6536940077352392,
                "support": 216000.0
            },
            "roc_auc": 0.5700809394113515,
            "score": 0.7580277777777777
        },
        "val": {
            "0": {
                "precision": 0.7592507293106096,
                "recall": 1.0,
                "f1-score": 0.863152382614767,
                "support": 4945.0
            },
            "1": {
                "precision": 0.0,
                "recall": 0.0,
                "f1-score": 0.0,
                "support": 1568.0
            },
            "accuracy": 0.7592507293106096,
            "macro avg": {
                "precision": 0.3796253646553048,
                "recall": 0.5,
                "f1-score": 0.4315761913073835,
                "support": 6513.0
            },
            "weighted avg": {
                "precision": 0.5764616699586925,
                "recall": 0.7592507293106096,
                "f1-score": 0.6553490760064522,
                "support": 6513.0
            },
            "roc_auc": 0.49989888776541963,
            "score": 0.7592507293106096
        },
        "test": {
            "0": {
                "precision": 0.7637737239727289,
                "recall": 1.0,
                "f1-score": 0.8660676974508984,
                "support": 12435.0
            },
            "1": {
                "precision": 0.0,
                "recall": 0.0,
                "f1-score": 0.0,
                "support": 3846.0
            },
            "accuracy": 0.7637737239727289,
            "macro avg": {
                "precision": 0.38188686198636446,
                "recall": 0.5,
                "f1-score": 0.4330338487254492,
                "support": 16281.0
            },
            "weighted avg": {
                "precision": 0.5833503014311704,
                "recall": 0.7637737239727289,
                "f1-score": 0.6614797504945593,
                "support": 16281.0
            },
            "roc_auc": 0.4998887506766857,
            "score": 0.7637737239727289
        }
    }
}
