{
    "eval_type": "synthetic",
    "dataset": "src/tabsynth/data/adult/",
    "sim_score": {
        "score": 0.48600384909422356,
        "basic_score": 0.5805453971127468,
        "corr_score": 0.3900774217561168,
        "ml_score": 0.8128174552157077,
        "sup_score": 0.6465789713865467,
        "pmse_score": 1.835854298576794e-303
    }
}
