{
    "eval_type": "synthetic",
    "dataset": "src/tabsynth/data/adult/",
    "metrics": {
        "train": {
            "0": {
                "precision": 0.7524841915085817,
                "recall": 0.9993335110637164,
                "f1-score": 0.8585170340681363,
                "support": 7502.0
            },
            "1": {
                "precision": 0.8648648648648649,
                "recall": 0.012810248198558846,
                "f1-score": 0.0252465483234714,
                "support": 2498.0
            },
            "accuracy": 0.7529,
            "macro avg": {
                "precision": 0.8086745281867234,
                "recall": 0.5060718796311376,
                "f1-score": 0.44188179119580384,
                "support": 10000.0
            },
            "weighted avg": {
                "precision": 0.7805568837129812,
                "recall": 0.7529,
                "f1-score": 0.650366066729119,
                "support": 10000.0
            },
            "roc_auc": 0.5602900342134545,
            "score": 0.7529
        },
        "val": {
            "0": {
                "precision": 0.7752499138228197,
                "recall": 0.9096056622851365,
                "f1-score": 0.8370708104587327,
                "support": 4945.0
            },
            "1": {
                "precision": 0.37130801687763715,
                "recall": 0.1683673469387755,
                "f1-score": 0.23168056164984643,
                "support": 1568.0
            },
            "accuracy": 0.7311530784584677,
            "macro avg": {
                "precision": 0.5732789653502284,
                "recall": 0.538986504611956,
                "f1-score": 0.5343756860542895,
                "support": 6513.0
            },
            "weighted avg": {
                "precision": 0.6780011967323781,
                "recall": 0.7311530784584677,
                "f1-score": 0.6913235495755246,
                "support": 6513.0
            },
            "roc_auc": 0.6327281860671468,
            "score": 0.7311530784584677
        },
        "test": {
            "0": {
                "precision": 0.7787970754586839,
                "recall": 0.9080016083634902,
                "f1-score": 0.838450970927858,
                "support": 12435.0
            },
            "1": {
                "precision": 0.3583847448121144,
                "recall": 0.16614664586583464,
                "f1-score": 0.22703855036418547,
                "support": 3846.0
            },
            "accuracy": 0.7327559732203182,
            "macro avg": {
                "precision": 0.5685909101353992,
                "recall": 0.5370741271146624,
                "f1-score": 0.5327447606460217,
                "support": 16281.0
            },
            "weighted avg": {
                "precision": 0.6794846361940992,
                "recall": 0.7327559732203182,
                "f1-score": 0.694019291701282,
                "support": 16281.0
            },
            "roc_auc": 0.6367766467795826,
            "score": 0.7327559732203182
        }
    }
}
