{
    "eval_type": "synthetic",
    "dataset": "src/tabsynth/data/california/",
    "metrics": {
        "train": {
            "rmse": 2.2458672399103716,
            "r2": 0.18702766718782293,
            "score": -2.2458672399103716
        },
        "val": {
            "rmse": 1.1225460212624314,
            "r2": 0.033561693934341386,
            "score": -1.1225460212624314
        },
        "test": {
            "rmse": 1.1119742640746226,
            "r2": 0.051741130160575355,
            "score": -1.1119742640746226
        }
    }
}
