{
    "eval_type": "synthetic",
    "dataset": "src/tabsynth/data/abalone/",
    "metrics": {
        "train": {
            "rmse": 9.984028449033502,
            "r2": 0.05257707765217712,
            "score": -9.984028449033502
        },
        "val": {
            "rmse": 11.002094100431925,
            "r2": -11.402117964900539,
            "score": -11.002094100431925
        },
        "test": {
            "rmse": 11.083172879043309,
            "r2": -12.500072494080273,
            "score": -11.083172879043309
        }
    }
}
