{
    "eval_type": "synthetic",
    "dataset": "src/tabsynth/data/cardio/",
    "metrics": {
        "train": {
            "0": {
                "precision": 0.5216706067769897,
                "recall": 0.6576594476455394,
                "f1-score": 0.5818245737387941,
                "support": 5033.0
            },
            "1": {
                "precision": 0.5285909712722299,
                "recall": 0.38896718341050934,
                "f1-score": 0.44815588030619347,
                "support": 4967.0
            },
            "accuracy": 0.5242,
            "macro avg": {
                "precision": 0.5251307890246097,
                "recall": 0.5233133155280244,
                "f1-score": 0.5149902270224938,
                "support": 10000.0
            },
            "weighted avg": {
                "precision": 0.5251079518217755,
                "recall": 0.5242,
                "f1-score": 0.5154313337108214,
                "support": 10000.0
            },
            "roc_auc": 0.5303263010136721,
            "score": 0.5242
        },
        "val": {
            "0": {
                "precision": 0.5422870299309286,
                "recall": 0.5063780994696861,
                "f1-score": 0.5237177586718055,
                "support": 6977.0
            },
            "1": {
                "precision": 0.5398797595190381,
                "recall": 0.5753951302862025,
                "f1-score": 0.5570719602977667,
                "support": 7023.0
            },
            "accuracy": 0.541,
            "macro avg": {
                "precision": 0.5410833947249833,
                "recall": 0.5408866148779443,
                "f1-score": 0.540394859484786,
                "support": 14000.0
            },
            "weighted avg": {
                "precision": 0.5410794399235923,
                "recall": 0.541,
                "f1-score": 0.5404496556731716,
                "support": 14000.0
            },
            "roc_auc": 0.5621457933698917,
            "score": 0.541
        },
        "test": {
            "0": {
                "precision": 0.5332831891688605,
                "recall": 0.5085171239017393,
                "f1-score": 0.5206057824690224,
                "support": 5577.0
            },
            "1": {
                "precision": 0.5340020401224074,
                "recall": 0.5585986128401209,
                "f1-score": 0.5460234680573663,
                "support": 5623.0
            },
            "accuracy": 0.5336607142857143,
            "macro avg": {
                "precision": 0.5336426146456339,
                "recall": 0.5335578683709301,
                "f1-score": 0.5333146252631944,
                "support": 11200.0
            },
            "weighted avg": {
                "precision": 0.5336440908574135,
                "recall": 0.5336607142857143,
                "f1-score": 0.5333668222960991,
                "support": 11200.0
            },
            "roc_auc": 0.55155048693264,
            "score": 0.5336607142857143
        }
    }
}
